Rank,Title,Genre
1,Paper Line,Action
2,Unbeatable Fighter,Action
3,Fight Back!,"Action, Biography, Fantasy"
4,College Shark,"Short, Action, Adventure"
5,El señor de los cielos II,Action
6,The Local,"Short, Action, Drama"
7,Stenches,"Short, Action"
8,Testamento En Blanco,Action
9,La muerte de un chingon,Action
10,MIAO,Action
11,Isev,Action
12,Monkeywrench,"Short, Action, Crime"
13,Deliverance,"Short, Action"
14,Dno,"Short, Action"
15,Furia salvaje; El corrido de Juan Pastor,"Action, Drama, Thriller"
16,Don't Forget to Bring a Towel,"Short, Action"
17,Jauría Nick,"Action, Comedy"
18,The Steampunk Adventures of Salem Tusk,"Short, Action, Adventure"
19,At the edge of today,"Short, Action, Crime"
20,SherAhmad Haqyar,"Short, Action"
21,Mayhem 247,"Short, Action"
22,Get Up Joe,"Short, Action"
23,Allegiant to None,"Short, Action"
24,El Pirata,Action
25,Ojo por Ojo y Diente por Diente,Action
26,Los bastardos del Bronx,"Short, Action, Comedy"
27,Stash & Burn,"Short, Action, Comedy"
28,Bronx II,"Short, Action, Comedy"
29,El Heredero Del Odio,Action
30,A tiro limpio,"Short, Action, Comedy"
31,Don't Run,"Short, Action"
32,6 Short Films,"Short, Action, Adventure"
33,Super Samurai Ninja Cowboy Assassin Squad,"Short, Action, Comedy"
34,Somewhere in Kazakhstan,"Short, Action"
35,Crime Pays,"Short, Action, Adventure"
36,Skills for Actors: Swordplay Skills,Action
37,Mariupol on Fire,"Documentary, Short, Action"
38,Rayven Choi,"Short, Action, Adventure"
39,Moin,"Short, Action"
40,Ganância Mortal,"Short, Action"
41,Adn,"Short, Action, Sci-Fi"
42,El Reo 1025,Action
43,An Example of Teenage Boredom Part III,"Short, Action, Comedy"
44,Defensive Improvised Weapons: The Magnificent Seven,Action
45,Skills for Actors: Circus Skills,Action
46,Se les pelo Baltazar 2,Action
47,Friday the 14th,"Short, Action"
48,Skills for Actors: Martial Arts Skills,Action
49,Progress Chapter 79: One Big Neck With Sausage Hands,"Action, Drama, Game-Show"
50,Jay Powers: Futuristic Lifestyle Trailer,"Short, Action, Music"
